number,value,params_SA_kernel_size,params_SE_reduction_ratio,params_base,params_beta1,params_beta2,params_cardinality,params_dropout_rate,params_lr,params_wd
0,0.21,7,16,2,0.9851661599995136,0.9952342985759653,32,0.4547208999289327,1.48519943622279e-05,6.619574115173438e-05
1,0.232,3,32,2,0.8270906708919284,0.9857881041512715,64,0.44189433144498835,2.2450878795710406e-05,3.210144970696454e-05
2,0.284,7,16,4,0.9518851430752335,0.9871824554944533,32,0.31596140471413386,3.1479279493012225e-05,2.6419153420894395e-06
3,0.218,3,32,4,0.9479033676358738,0.9910579138762169,32,0.44630357881621674,1.5389633305309515e-05,3.972098550169919e-06
4,0.438,9,32,4,0.9187204927098128,0.9944539734102938,32,0.3100840205172376,0.00025160325385504575,1.5938848560728995e-06
5,0.336,5,16,4,0.9763957647721163,0.9980611601395496,64,0.47761309890473225,0.00014310329662362405,5.1224512281600864e-05
6,0.414,9,8,4,0.8410447223845964,0.9848563692849696,32,0.37569286439841837,0.00014001802106750045,4.158773795671989e-06
7,0.234,9,16,8,0.8490548417640702,0.9874823416420069,16,0.5596370102907913,2.7015969827173107e-05,1.4528676816288775e-05
8,0.436,5,32,2,0.8932047310233793,0.9903642047163744,32,0.3131516104532289,0.0006008277001189119,4.513650801519504e-06
9,0.28,3,8,8,0.8984674818689765,0.987180410516125,32,0.5321486277189215,1.6766072336082167e-05,1.540094356631576e-06
10,0.464,9,32,4,0.899383271639024,0.9800183335325927,16,0.3753629187552898,0.0006732374252630416,1.112331314653201e-06
11,0.44,9,32,4,0.8962331315498497,0.9822302140158066,16,0.3692528679890828,0.0009496816159137772,1.2879080270723927e-06
12,0.426,9,32,4,0.8746160804818943,0.980062960350638,16,0.37726586272452045,0.0006958700855320867,1.0939421467934865e-06
13,0.416,9,32,4,0.8008712082520337,0.981233085017106,16,0.3864633672023808,0.0009203316829036229,7.668197279137638e-06
14,0.442,9,32,4,0.9171488478320221,0.9827642302608068,16,0.4080329996734021,0.0003710598389716678,2.298360813532772e-06
15,0.432,9,32,8,0.9261484666786777,0.983302734515142,16,0.413414279274076,0.0003229391884623839,2.5270345064761525e-06
16,0.266,9,8,4,0.9284168330068681,0.9835507873325002,16,0.5089153791994342,5.7254182943774446e-05,1.3193033208318583e-05
17,0.428,7,32,4,0.8797178586751662,0.9806459204760942,16,0.5973519557006577,0.0003800067855699298,7.789445162305335e-06
18,0.374,5,32,2,0.8684810408762941,0.9842908647911686,16,0.3550313101079892,0.00021718281954676594,2.3150622283618273e-06
19,0.458,9,8,8,0.9541689166025128,0.9922876068507998,64,0.4108006826783128,0.00047505643363450603,1.0487569663185926e-06
20,0.36,9,8,8,0.9638485091356157,0.9932088971136128,64,0.4204754761410509,6.501128130243575e-05,1.0402409807927748e-06
21,0.354,9,8,8,0.9112235297948899,0.9924932207010154,64,0.3426408268677058,0.0004561280485347998,2.036556631691114e-06
22,0.46,9,8,8,0.9452012688606779,0.9888344949877285,64,0.41588571744262687,0.0005288070950136734,1.025330490374897e-06
23,0.444,9,8,8,0.9368109420523143,0.9968268183918337,64,0.4073833108668443,0.0005924087164858894,1.5529051413445208e-06
24,0.404,9,8,8,0.9612625131355532,0.9997007963309831,64,0.4832867123509768,0.00020149801063834336,3.213139380743207e-06
25,0.466,9,8,8,0.9460284573463403,0.9898187996242086,64,0.3403687409700753,0.00048341694518781367,5.8027585967908415e-06
26,0.454,7,8,8,0.9732132059972988,0.9898169873587309,64,0.343422651622938,0.0002879571043319613,2.458373999586487e-05
27,0.364,3,8,8,0.9383372658044796,0.9884141171465728,64,0.330169123655764,0.0007363941401253608,5.668732132251754e-06
28,0.454,5,8,8,0.9896837947316857,0.989200372686652,64,0.38764298573969774,0.0001554093245161943,1.868798420181361e-05
29,0.316,7,16,2,0.9391360555810337,0.9946562398484302,64,0.465213291362547,8.29559747074833e-05,5.394242255467144e-05
30,0.48,9,8,8,0.9051133640354324,0.9853871668003463,64,0.4294686593763049,0.00047854984194484527,9.735649074513381e-05
31,0.472,9,8,8,0.9079167184787291,0.9853643443532711,64,0.4309049894432896,0.0005508229168198102,7.397432378301024e-05
32,0.376,9,8,8,0.9102100738755632,0.9856452346124672,64,0.44517261603092106,0.0009669495898716829,8.9485052500871e-05
33,0.456,9,8,8,0.9048985521843321,0.981538227268456,64,0.432566418345878,0.0004232514286901348,9.81488520048438e-05
34,0.406,3,8,2,0.8848552210364539,0.9858001402688134,64,0.39082031764045533,0.0007395679088717595,3.712648505718484e-05
35,0.456,9,16,8,0.8588827123560248,0.986760888662549,64,0.3561632287528783,0.000267472877190797,7.249760268270328e-05
36,0.456,9,8,8,0.8887876299881193,0.9911396950989342,64,0.4590880783520468,0.0001905953756515015,3.070165522420466e-05
37,0.436,7,8,8,0.923480488947915,0.9842147759068612,64,0.430164330285551,0.00010653494074261944,4.484381579371862e-05
38,0.52,9,16,2,0.905162722398663,0.9852966695908565,64,0.3259603778499781,0.0005960116894029183,6.117081855748195e-05
39,0.438,5,16,2,0.8598071188433017,0.9856151890244512,64,0.3009283697159824,0.0003812398504678947,7.145481717128665e-05
40,0.214,3,16,2,0.9104294528061407,0.9875677573780295,32,0.3304039507368707,1.2091074371000755e-05,5.36649107312733e-05
41,0.448,9,16,2,0.9003315446051263,0.9861755107580849,64,0.32953879580136863,0.0006158653129211898,7.681821791448275e-05
42,0.408,9,16,2,0.9313230345165525,0.9820628743104917,64,0.36102451439886174,0.0007572858688480603,4.2310384162964304e-05
43,0.432,9,16,4,0.9172712693738648,0.9849175583679968,32,0.31953202816362575,0.0004963797843194758,6.159833950160347e-05
44,0.418,9,32,2,0.887539620398851,0.9881966329604284,64,0.48648758247620094,0.0003252888710053,2.9359899308429593e-05
45,0.494,9,16,4,0.831965816862615,0.991059250574176,16,0.3994341877939089,0.0008014693322082167,9.738647204774769e-06
46,0.482,9,16,8,0.8356930282690797,0.9904220396323076,64,0.39498688364091206,0.0005329748785862855,9.857296787416424e-06
47,0.382,9,16,4,0.827470990251931,0.9910147685032984,32,0.3984311057959759,0.0008332582369695403,1.072393924322278e-05
48,0.378,9,16,8,0.8321787878381259,0.9914661499851595,16,0.431775589334546,0.0006314861121285649,1.997284244719373e-05
49,0.464,5,16,4,0.8044613232254082,0.9956679078140989,16,0.4702897163010753,0.0005744936388390038,8.30336644335878e-06
50,0.434,9,16,2,0.8114493885363477,0.993150746839905,64,0.4478147385310338,0.00032249017050309356,1.2815682597432757e-05
51,0.34,9,16,8,0.8432338777961456,0.9897425246322484,64,0.37241771853652367,3.544239801135996e-05,4.933113875767687e-06
52,0.428,9,16,8,0.8167874899704046,0.9867315015543613,64,0.3957675295906236,0.00099466924546886,6.308827477219075e-06
53,0.458,9,16,8,0.8725900832381456,0.9902693526228666,64,0.3419512603035638,0.0004273138827668182,1.0393755484577416e-05
54,0.438,9,16,8,0.8370198387044661,0.9875446703143429,16,0.42830141604061783,0.0002312243933949428,1.6841495270398823e-05
55,0.396,9,8,4,0.8553401718314202,0.9848208572679218,64,0.37938610239682646,0.000524596912228338,6.8248277298128445e-06
56,0.444,3,16,8,0.8205036240432222,0.9917339301135911,64,0.49490425196748733,0.00036420104916299326,8.86843788780601e-06
57,0.466,9,8,8,0.8955778942227587,0.9936157329905652,16,0.3669077681693004,0.0007948814132695192,3.6972174278252538e-06
58,0.376,9,8,4,0.8477862837842971,0.9840176603818926,32,0.40196328027600275,0.0006690694011469532,8.455763190646036e-05
59,0.454,7,16,8,0.8672459419403522,0.9829843811563843,64,0.30957774028016083,0.00048206436797254445,6.102452592930613e-05
60,0.46,9,8,8,0.9214041139279611,0.9903578305219524,64,0.4402511020504202,0.000860874074083279,5.281857494648849e-06
61,0.466,9,8,8,0.8777269966956872,0.9938278507877223,16,0.36895465503007635,0.0007946601985573844,3.3821000025153357e-06
62,0.436,9,8,8,0.8933884486969232,0.9954948837433462,16,0.36072595364401366,0.0005807592908222468,4.0207044663850275e-06
63,0.442,9,8,8,0.9032992587829651,0.9923494644454045,16,0.3794180290570987,0.0007203508000258113,3.408067668343781e-06
64,0.41,9,8,8,0.9138135809480802,0.989330167686183,16,0.41928628733151097,0.00042478348628720986,9.242554751684855e-06
65,0.472,9,8,8,0.8814824373724602,0.9964462546794927,16,0.34554975042895153,0.0008711848561615105,6.915293256944581e-06
66,0.422,9,8,8,0.9056210181712601,0.9998465703389889,16,0.34717753758586134,0.0006578657270006951,1.2694027827455395e-05
67,0.472,5,8,4,0.9559248211493951,0.9974237959265944,64,0.32190981068166974,0.0005318831388160946,6.0072787198718456e-06
68,0.458,5,8,4,0.9555942267945111,0.998182873662868,64,0.31719766707177477,0.0005569207577849046,7.257676217812834e-06
69,0.478,5,16,4,0.972274682636632,0.9965516464167596,16,0.4567939815680664,0.000983305235742269,1.1644168018730545e-05
70,0.428,5,16,4,0.9796952310592509,0.9960965652274221,16,0.4550877872960192,0.000989895856777866,2.3092407844203527e-05
71,0.392,5,16,4,0.9691574173303579,0.9975220681188196,16,0.3021668169684982,0.0008588966409601819,1.4172253443194168e-05
72,0.448,5,16,4,0.9625120371902894,0.9980959813376946,16,0.44073492675652504,0.0006983755475205047,9.844827941046962e-05
73,0.47,5,16,4,0.9324401303288653,0.9988724912069775,16,0.32840384426620706,0.0008786146753872818,1.1317977024929575e-05
74,0.402,5,32,4,0.9822545959075002,0.9946499576851919,16,0.4226510944658109,0.0005380034701584935,8.269828902469505e-05
75,0.386,5,8,4,0.8815993675990049,0.9972360713079034,64,0.536198400669476,0.00036155590267858607,6.1975381145198685e-06
76,0.462,5,16,4,0.8249289155982807,0.9961303026027176,64,0.41201070261348144,0.0006390380123627027,9.376826959117906e-06
77,0.392,7,8,2,0.9731637408842061,0.9850527722298542,64,0.4647427934718952,0.0002980515888255631,4.635431579833955e-06
78,0.374,3,16,4,0.9500215182048016,0.9989014793449382,32,0.3510002234158779,0.00039687159239847704,6.447253477292131e-05
79,0.454,5,8,2,0.8403431702243684,0.9966908608281726,16,0.5852219488906173,0.00045975494228266627,1.5887362182705558e-05
80,0.488,9,16,4,0.8664203104115502,0.9882923954342544,64,0.32395235685630897,0.000748904638383637,4.650879551734417e-05
81,0.504,9,16,4,0.8673879059262956,0.9881444678125881,64,0.3150253006027046,0.00075465171070594,3.6138418141081606e-05
82,0.392,9,16,4,0.870819969454416,0.9881299936317043,64,0.33250623281707403,0.0007735994854303287,4.6425561923803716e-05
83,0.488,9,16,4,0.8662204803780643,0.9864170649219499,64,0.33731641612539015,0.0008998743871500616,3.777963070563871e-05
84,0.382,9,16,4,0.864900113547069,0.9866232680576007,64,0.3378228898172971,0.0006979915920183833,3.675157681558688e-05
85,0.484,9,16,4,0.8521312101341362,0.9872544024823402,64,0.3071312185906954,0.0006193304822609941,3.5522859414546794e-05
86,0.364,9,16,4,0.8528783698421709,0.9861806751738897,64,0.31004427927269773,0.000942446428503795,3.49124844924545e-05
87,0.46,9,16,4,0.8482392641089176,0.987903619623623,64,0.3051364068635938,0.000998244717921635,2.859643874586498e-05
88,0.372,9,16,4,0.8629468332788128,0.9889798417144474,64,0.32383976219900357,0.0006271986850114781,4.9561453047179526e-05
89,0.258,9,16,4,0.8363569293628501,0.9871725433465841,64,0.31465729538301485,1.9235658122350668e-05,3.9549353784244315e-05
90,0.406,9,16,4,0.8538664630362269,0.9887068248276345,64,0.33452861634060405,0.0007845761255220156,5.3981844777078e-05
91,0.454,9,16,4,0.8324046834646708,0.9853248543204174,64,0.4372431282816371,0.0005782153334005085,7.246402875648287e-05
92,0.292,9,16,4,0.8755764048364085,0.9860774059309934,64,0.3251425169998554,4.9835203908444796e-05,5.752219536093693e-05
93,0.504,9,16,4,0.8608434350493248,0.9837173795512529,64,0.4541266592119641,0.0006914984935623167,2.6677254136411323e-05
94,0.476,9,16,4,0.8592328623532419,0.9845320277787698,64,0.4541915287399196,0.0007043061913944282,2.6236742803304323e-05
95,0.468,9,16,4,0.8426566732008992,0.9868991300254937,64,0.46913902835243604,0.00084781746695281,3.426119374927149e-05
96,0.462,9,16,4,0.8513400556644543,0.9837849904661009,64,0.31088151250976076,0.0006239074480751197,2.197763000193144e-05
97,0.492,9,16,4,0.845138337107041,0.9832630090139927,64,0.4489445802997052,0.0004836323049313718,4.556987135174667e-05
98,0.452,9,16,4,0.844236936037806,0.9823222140561348,64,0.47622475491321997,0.0005016612833074434,4.1516145790034776e-05
99,0.412,9,16,2,0.8893866762711985,0.9832683716444486,64,0.3006402158129054,0.0004391290873292647,4.58296073018076e-05
100,0.432,9,16,4,0.856415947436788,0.9877287803151341,64,0.38951037573684977,0.0007483549472966555,3.2699831132628805e-05
101,0.458,9,16,4,0.8694586413039095,0.9845218901886539,64,0.4495633976269988,0.0008951465160729855,3.878618487111157e-05
102,0.406,9,16,4,0.8635278999246635,0.9907982220963908,64,0.4561722431421255,0.0006671471113051223,4.959303020179673e-05
103,0.39,3,16,4,0.8281887693912781,0.98259051624557,64,0.3202894648268569,0.0007972005693658437,2.746077135199478e-05
104,0.478,9,16,4,0.8377913623100365,0.9894322213657385,64,0.40429352894105647,0.000600039170112474,3.2096019711272876e-05
105,0.422,7,16,4,0.8226186025653559,0.983481827099859,32,0.4627490374179381,0.0004811158560972704,1.1466389597209464e-05
106,0.464,9,16,4,0.8337241639791529,0.9884779814020338,64,0.48019940733563626,0.00017055252300214886,4.372266679876731e-05
107,0.472,9,32,2,0.8458044794973222,0.9863293832702313,64,0.4249926793831448,0.000900013488643571,8.130251873100388e-06
108,0.388,9,16,4,0.8170380784256976,0.9855504013060399,64,0.3551927474011395,0.00012867518632699075,5.7441572860792604e-05
109,0.46,9,16,4,0.8610109573662973,0.9839625276756359,64,0.4930942692609442,0.0007322367636189882,1.991446475331979e-05
110,0.428,9,16,4,0.867048749018416,0.9813479743045226,64,0.4481617018255907,0.0004077426441413139,2.5189029134056254e-05
111,0.466,9,16,4,0.8294622171504094,0.9895849340084591,64,0.40499317780897687,0.0005890412855613092,2.9988500963782947e-05
112,0.422,9,16,4,0.8387338939700606,0.9873367497307309,64,0.4130276584020599,0.0005529020490959175,3.627850659747699e-05
113,0.478,9,16,4,0.8475084366219433,0.9900307013991065,64,0.38316170494292684,0.0006680504944582062,3.2297991175294726e-05
114,0.454,9,16,4,0.8508529117694359,0.9890223538216705,64,0.3987315218528233,0.0003452291404469156,6.514185071548672e-05
115,0.466,9,16,4,0.8560836821156338,0.9917122729953392,64,0.44428052062582024,0.0005128362758339767,4.054494722662198e-05
116,0.428,9,16,2,0.8736221284566387,0.9906613764810323,64,0.433502271182865,0.0007960469487206948,3.1273834104835714e-05
117,0.408,9,16,4,0.8357674795071154,0.9883897149471451,32,0.3373498986052918,0.000607062677376325,4.78455596334149e-05
118,0.414,3,16,4,0.8427303909306054,0.9894607989187298,64,0.4195878875008834,0.000905328139910154,2.3563208214290967e-05
119,0.474,7,32,4,0.8789417139817547,0.9806860008210208,64,0.406903597668316,0.0007175431217306362,1.7934203335518546e-05
120,0.446,9,16,4,0.8668207717830009,0.9829925751340095,16,0.3935892673196827,0.00045353080546091926,8.732726601194409e-05
121,0.408,9,16,4,0.8394772874261627,0.9898879352316218,64,0.3806990268991307,0.0006608539073834512,3.462646661523256e-05
122,0.488,9,16,4,0.8581726688276957,0.9903357787349384,64,0.38598206069336,0.0006488305364978285,3.0789268565645904e-05
123,0.416,9,16,4,0.8614266523519013,0.9912925777424649,64,0.36554243549868565,0.000823290944550059,4.250544643939321e-05
124,0.43,9,16,4,0.8570235415019201,0.9870198071139885,64,0.30763982732990514,0.0005880880674079458,2.7980856997401785e-05
125,0.416,9,16,4,0.8982464041013336,0.9928507065255336,64,0.3169365540569519,0.0007429804906826398,5.220516617761933e-05
126,0.526,9,16,2,0.8487704982446206,0.9851590317503216,64,0.4022636031597011,0.0005259022085468748,2.1576696398120642e-05
127,0.404,9,16,2,0.8515491887764635,0.9858898090204273,64,0.37303586333319133,0.0005455340684752804,2.1050646247987544e-05
128,0.424,9,16,2,0.8845020538991055,0.9851417164923265,64,0.3862845821616502,0.00048602457097779705,1.4729531933354824e-05
129,0.456,9,16,2,0.8476999782882152,0.986425425468765,16,0.3259105885014341,0.0009433552353909848,1.2068912218142473e-05
130,0.352,9,16,2,0.9414009869000565,0.984519493301488,64,0.3130885373291888,8.916696944409483e-05,3.898431598480478e-05
131,0.444,9,16,2,0.8317685804409833,0.9879905714165931,64,0.3946079747914387,0.0006331633106695255,9.61979772409773e-06
132,0.424,9,16,4,0.8534996681315771,0.9887976211990871,64,0.43712079869763093,0.0005157107075722752,2.5478939158563332e-05
133,0.434,9,16,4,0.8595314804278994,0.990394711013676,64,0.40720594762662393,0.0008429463372059239,3.025798171189101e-05
134,0.46,9,16,4,0.8708470945162647,0.9848362179458336,64,0.41496904098574716,0.000690342576232095,3.652201401204168e-05
135,0.522,9,16,2,0.8447448011715808,0.9873875397870893,64,0.4722295133488891,0.0009961380126301829,1.0293248249744803e-05
136,0.462,9,16,2,0.8443948013254444,0.9875903668402299,64,0.4723867818961677,0.0009455116742874453,9.965176881654301e-06
137,0.448,9,16,2,0.8650518327303571,0.9858742540703693,64,0.45834444833194377,0.0009987060120505876,8.475053885032047e-06
138,0.398,9,16,2,0.8509144937096844,0.9867807777858555,16,0.5063191151944151,0.0007703384774985857,1.109969554040764e-05
139,0.408,5,16,2,0.9890499896344431,0.9851537489056963,64,0.46421174742384946,0.0008391247026106802,1.4951163598216776e-05
140,0.422,9,32,2,0.8411056701505272,0.9856612041805674,32,0.45140094237634004,0.0003947075015125593,7.274172595915577e-06
141,0.468,9,16,4,0.8378384871752216,0.9891668313961426,64,0.3994583946588259,0.0006073216074439196,1.3110658887013597e-05
142,0.482,9,16,8,0.9157217074693271,0.9873091574808643,64,0.42599967792431187,0.0007265837722351153,3.299093169529344e-05
143,0.498,9,16,8,0.9044334084938728,0.9873842333637117,64,0.4285676601241145,0.0007313740513458482,5.634648189546964e-05
144,0.424,9,16,8,0.9136701843888088,0.9872857124445654,64,0.4257485741834628,0.0007311617948694397,5.693413584333041e-05
145,0.46,9,16,8,0.9150251137739319,0.9865338421655949,64,0.4174846443764644,0.0006724187776913551,6.687426348770969e-05
146,0.478,9,16,8,0.9015018601178528,0.987605969384838,64,0.42797950177352156,0.0005533780095041636,4.471082432606162e-05
147,0.414,9,16,8,0.9046838469415638,0.9881431411839168,64,0.4390708074161853,0.0007914516304971538,5.169382056484497e-05
148,0.424,9,16,8,0.8909938884666857,0.987079812122049,64,0.48836219804806125,0.00046345259702764097,4.026269006712283e-05
149,0.416,9,16,8,0.9240822418881152,0.9917145629185532,64,0.33204503070947183,0.0006616161013427625,8.107284923729012e-05
150,0.446,3,16,8,0.9085341193838254,0.9818334629780009,64,0.3220046152882252,0.00088430752581592,2.712366123079657e-05
151,0.404,9,16,8,0.9206725892380266,0.9861707221106671,64,0.44603042238200225,0.0007666521043292057,3.385889004066658e-05
152,0.418,7,16,8,0.9082947442972835,0.9837267976038014,64,0.47467444547255594,0.0008737547426983516,4.507517929200297e-05
153,0.402,9,16,8,0.8960205720234324,0.9886052832333426,16,0.4592179154322954,0.0007099255549311374,8.925919529562651e-06
154,0.444,9,16,2,0.8544842341115527,0.9941701758295198,64,0.4346235419383718,0.0005608999301917881,3.6707789694401294e-05
155,0.242,9,16,8,0.899702962525703,0.9842423829692959,64,0.42169367576086847,1.086426248091866e-05,1.0522816494644484e-05
156,0.412,5,16,4,0.8590698608936173,0.9867106570485626,64,0.4428640263805552,0.0009912681697288217,9.308917460583029e-05
157,0.234,9,16,4,0.846405450805537,0.9874500495488567,64,0.4521308791689664,3.76918468366417e-05,5.799996939655385e-05
158,0.392,9,16,2,0.8743910189662645,0.9880159113537382,64,0.3492622926216795,0.0006253886138840394,2.403344048819043e-05
159,0.416,9,16,8,0.8258690493115343,0.9870731106710942,16,0.3150633303717205,0.0007945759197530027,4.7416728018127114e-05
160,0.452,9,16,4,0.848844571435311,0.9862951338921766,64,0.4699956482734889,0.0007172583676589805,2.9557937465018735e-05
161,0.52,9,16,4,0.8346956559526958,0.9902229198786038,64,0.40289822457127716,0.0005210652681007374,3.168407091439542e-05
162,0.384,9,16,4,0.8344053200645806,0.9902964991459609,64,0.38742248521034367,0.0005077761344681355,3.269960704692897e-05
163,0.402,9,16,4,0.8314481012266588,0.9908003814430423,64,0.41363294828843045,0.00043771063056062407,3.965862814654991e-05
164,0.422,9,16,4,0.8619845550010736,0.9853601992544229,64,0.3929525456297146,0.0005793072945741067,2.810917158374017e-05
165,0.388,9,16,4,0.9113676516151679,0.983226169046209,64,0.4031249787789582,0.0009042348578884346,3.5119824663989135e-05
166,0.47,9,16,4,0.8422661294820837,0.9951788678549334,64,0.30609943737924306,0.0006550540848842404,7.809156640144104e-06
167,0.504,9,32,4,0.9288548251748988,0.9877980409513069,64,0.40858113698333093,0.0005021551840737489,6.872065656105034e-05
168,0.436,9,32,4,0.9264569204646359,0.9899050285656423,64,0.4081199679774171,0.000497537927695535,7.017816968057483e-05
169,0.454,9,32,2,0.9149498252222079,0.987808156994827,64,0.39937535422526993,0.0005327890645073442,7.96808426319717e-05
170,0.44,9,32,8,0.8684827220517923,0.9910214135481592,64,0.4109777611332589,0.0004665729852969664,6.475459965125798e-05
171,0.424,9,32,4,0.9042559849776739,0.9874759413202179,64,0.43143735002586886,0.0004211008630124912,5.09483841249019e-05
172,0.44,9,32,4,0.9667166822729748,0.9881178189543438,64,0.4218243663746834,0.0008243906219391581,5.902937888601364e-05
173,0.44,9,16,4,0.8556446470883089,0.9886808289633274,64,0.3942002255523709,0.0006190049656109341,4.390906901402507e-05
174,0.474,5,16,4,0.918226253042147,0.9867788365014758,16,0.41631967752931076,0.000678569425988754,3.1175055750005516e-05
175,0.452,9,16,4,0.9061885449566155,0.985935683443143,64,0.4021912083888862,0.0007565447519145156,1.203191805758714e-05
176,0.448,9,16,4,0.929903102528049,0.9884272930599669,32,0.4262394652810704,0.0005668895941642739,3.7019182777826124e-05
177,0.472,3,16,4,0.9337719484645916,0.9872012696502448,64,0.32657838305578263,0.0008532546892635157,2.2189986424114477e-05
178,0.406,9,16,2,0.894312990992497,0.9922135689192966,64,0.4606439365022125,0.0005120650197228589,1.012030337196825e-05
179,0.434,9,16,4,0.8459021587422686,0.990524629757693,64,0.40951878063252584,0.0006180440578526373,2.594891660721539e-05
180,0.454,7,16,8,0.8649794342523035,0.9890436454461407,64,0.3405267631073302,0.0009239897289435863,4.163249769280193e-05
181,0.412,9,16,4,0.8376064253813504,0.9826173633450928,64,0.4045783056954275,0.0005872007654146378,2.967442343668579e-05
182,0.42,9,16,4,0.8288505124871929,0.9894942874173737,64,0.38446860410392825,0.0007118451237778638,7.627189376928596e-05
183,0.434,9,16,4,0.839284929301684,0.9877654639349267,64,0.40096470079715923,0.0005427882941906025,3.1671362235292043e-05
184,0.512,9,16,4,0.8359241168525084,0.9899657214241466,64,0.3899403060031609,0.0006668417548161907,3.5122416927139724e-05
185,0.476,9,16,4,0.820891318839218,0.9902887655099272,64,0.3945024442451624,0.000762332073185416,5.4907580703838485e-05
186,0.426,9,16,4,0.8509890573053446,0.9847030839835222,16,0.3892740263975151,0.0006759575158151709,4.85703689834893e-05
187,0.422,9,16,4,0.835745045421519,0.9864955353885518,64,0.48044783199960184,0.0008415337267884916,3.4374671552693235e-05
188,0.424,9,16,2,0.8441809966289798,0.9898236959952933,64,0.3780192354267221,0.0004617817993942098,3.800252903877408e-05
189,0.512,9,32,8,0.9017772608951011,0.9913742537950653,64,0.44251068238451646,0.0006385516113212774,4.1760844982796766e-05
190,0.422,9,32,8,0.9100640257927568,0.990251536441762,64,0.4412114798931478,0.0006316213939882176,4.2501845479511325e-05
191,0.5,9,32,8,0.8330912301740147,0.9914600754664422,64,0.4477078348351957,0.0007331520650071522,3.7921881513075376e-05
192,0.406,9,32,8,0.8334296379456215,0.9914138650552279,64,0.44740449506144847,0.000690148311495669,3.794771066373369e-05
193,0.424,9,32,8,0.9004729598559293,0.9911617578575068,64,0.43094737935245847,0.0005636847997786881,3.405774930332253e-05
194,0.408,9,32,8,0.8269302228275026,0.99213794036001,64,0.43924869842202885,7.112140861844524e-05,4.5400236994508794e-05
195,0.436,9,32,8,0.8979614608539974,0.9907858461010088,64,0.3206712215259426,0.0007371063782416181,4.12281684026117e-05
196,0.384,9,32,8,0.8240499304789801,0.991707943625815,64,0.43443257731378127,0.0006214522143022312,6.249339762876136e-05
197,0.448,9,32,8,0.9024367176437498,0.9907343595174268,64,0.3108670163542753,0.0005202484510345233,5.2042684599547666e-05
198,0.444,9,32,8,0.8582865535023759,0.991556219568198,64,0.4541592614851108,0.0007769592990771541,2.8679451104424324e-05
199,0.498,9,32,8,0.8301684668512093,0.9920080644251719,64,0.44611629221068355,0.0006596095167919564,3.587809141071499e-05
200,0.432,9,32,8,0.8308640094691732,0.9926060502081235,64,0.44541349112850204,0.0006596732361565978,3.541219348700991e-05
201,0.42,9,32,8,0.8167947060473421,0.9912530911173656,64,0.4494805269091977,0.0007128628157031301,3.951081830565927e-05
202,0.466,9,32,8,0.8406076239384568,0.9910225994159418,64,0.44390237238788866,0.0005977293358680471,3.238761993859328e-05
203,0.448,9,32,8,0.8332566146272673,0.9919452828427588,64,0.4358455439464866,0.0007951412263454778,4.726569572761638e-05
204,0.418,9,32,8,0.8300626068893171,0.987018943117283,64,0.33125849199747714,0.0004973244179779959,3.617489340792087e-05
205,0.368,9,8,8,0.8496872778505284,0.9928975671773747,64,0.4258880428493773,0.0006518387022065495,1.8562170029500698e-06
206,0.442,9,32,2,0.834722989143911,0.9901546712121432,64,0.30081345590216174,0.00056108875156422,3.1373307606751255e-05
207,0.44,9,16,8,0.8402065777635441,0.9906237198334726,64,0.4212806414998881,0.0007224131163318066,3.9084999447231384e-05
208,0.376,9,16,8,0.8618753395797507,0.9854312718896628,64,0.3896212898148912,0.00012516771864035952,2.6064978815923607e-05
209,0.448,9,32,2,0.854186564390502,0.991902987609391,64,0.31670730150412785,0.000823217387421906,4.185484212995033e-05
210,0.434,9,16,4,0.9076126309539313,0.9840859079968328,64,0.3979898046596373,0.00040213546874831986,7.029051802142118e-05
211,0.494,5,16,4,0.8920895947705056,0.9896362454208045,16,0.46619242344993433,0.000998245941459165,3.4559139479572585e-05
212,0.378,5,16,4,0.8268572820804776,0.9883249589048761,64,0.470111157133621,0.0009012149924157085,3.376802997901335e-05
213,0.482,9,16,4,0.8842375033198424,0.9896887162485707,16,0.46103387347945823,0.0009845443003792937,2.8016037275259626e-06
214,0.368,9,16,4,0.889329285561673,0.9896718052253666,16,0.4645163946791949,0.0009866297410094287,3.109086316651064e-05
215,0.49,9,16,4,0.8940452217165074,0.9895875933506418,16,0.4562803058606654,0.000927408175884446,2.4471842761523242e-06
216,0.478,9,16,4,0.8931241344531774,0.9892243606248721,16,0.45555872844535256,0.0008895796403756253,3.6020939007538145e-05
217,0.552,3,16,4,0.8685738182995577,0.9900910058627325,16,0.46643021542233565,0.000788445902762644,2.7954857147506977e-05
218,0.4,3,16,4,0.8698584912432168,0.9904010494666312,16,0.45350551624584773,0.0008199553616303951,2.4060450682548552e-05
219,0.448,3,16,4,0.8744082525905943,0.9900792731666691,16,0.4672954073861006,0.0009073691026881035,5.376631506931215e-06
220,0.378,3,16,4,0.862566249210626,0.9913461978618121,16,0.4745597391038869,0.0007952675498292092,4.3639834271340635e-06
221,0.434,3,16,4,0.8657497854977481,0.9875368320027272,16,0.4564369937200459,0.0007376671914824985,2.942846992870288e-05
222,0.358,3,16,4,0.9431169048513098,0.9892904798755849,16,0.46624644175569135,0.0006640913007488174,1.4261692389879517e-06
223,0.442,9,16,4,0.8566516190574572,0.9888881860931763,16,0.47785335230976467,0.000834772394942288,2.725604696412076e-05
224,0.464,7,16,4,0.844140512763268,0.990951829205419,32,0.4597856444273139,0.0007544060707185312,3.304726411343225e-05
225,0.482,9,16,4,0.8786449769993092,0.9879489853854658,16,0.45028427576507113,0.0006245458606112859,3.859103885296046e-05
226,0.414,9,16,4,0.9372410677492715,0.9899577121482641,64,0.4506620613166601,0.0008940748348333012,2.9350282528480954e-06
227,0.396,5,16,4,0.8362194542849516,0.9834138487189079,16,0.4420243442940067,0.0006936401266778603,2.139149431271383e-06
228,0.372,9,16,4,0.8703600715861702,0.9905017604458699,64,0.46244475061856793,0.000242740139359555,1.942418500022316e-05
229,0.448,9,16,2,0.8923542997360515,0.9872934396939989,64,0.30679336071806856,0.0005924578737291256,1.6740642541428825e-05
230,0.508,9,16,4,0.8969731419302731,0.9895610831006972,64,0.48593588978409386,0.0007873863782627038,1.1610101417967425e-06
231,0.436,9,16,4,0.8951827321546144,0.9896718642097673,64,0.4992669586311058,0.0007699331218780214,1.2247820550097918e-06
232,0.4,9,16,4,0.8982736168250318,0.9899468210153789,64,0.47097005325916685,0.000707573496065199,2.519401436904682e-06
233,0.428,9,16,4,0.8985423280789485,0.9893550571365919,64,0.3974031948982228,0.000996818370818627,3.526658327066561e-05
234,0.41,9,16,4,0.9041268820909828,0.9887625995974385,64,0.48040814084458233,0.0009034718841907692,4.374283131516799e-05
235,0.4,9,16,4,0.8650741353049107,0.9882859638499,64,0.49621941070777204,0.0008192538515974918,2.956396924004726e-05
236,0.5,9,16,4,0.8886619115279142,0.9906365232157044,64,0.48588787906125414,0.000662601782653602,1.5237264435055019e-06
237,0.392,9,16,4,0.8941553982082345,0.990621231659768,64,0.4797322639743335,0.0006383206402926965,1.7772001805061783e-06
238,0.496,9,32,4,0.8894617398246656,0.9910895852225877,64,0.4888465270558385,0.0005366909159436584,1.2390194653154545e-06
239,0.42,9,32,4,0.8898484793690539,0.9913853515051413,64,0.4891144301521378,0.0005722679321519381,1.1261858452960972e-06
240,0.194,9,32,4,0.8865847596753254,0.9908987806938527,16,0.4893084547404639,2.7841035370774167e-05,1.3583978313879765e-06
241,0.48,9,32,4,0.8830678408411646,0.9903309559007332,64,0.49608680695716895,0.0005124027837130626,1.0632792951254951e-06
242,0.444,9,32,4,0.8879895518227965,0.9909612919485088,64,0.5017197336104321,0.0006458866679278586,1.1837500626000825e-06
243,0.456,9,32,4,0.8909278321799314,0.9900638731760111,64,0.48538909913119266,0.0005449170848644273,1.5440254472791954e-06
244,0.44,9,16,4,0.8964147915132954,0.9915577233117896,64,0.32323151214095674,0.0006885448600232898,1.7816572889053896e-06
245,0.43,9,16,4,0.9013878978360125,0.9905615784699983,64,0.486607326190709,0.0006029314104155524,1.0205058325312891e-06
246,0.386,9,16,4,0.8476105885513311,0.9911127688590561,64,0.4745742854091818,0.0007700537269537193,6.11256559844842e-05
247,0.446,9,32,4,0.8593259688438599,0.9920115345035045,64,0.38683684289029613,0.0008542584866830738,1.308027039786771e-06
248,0.396,9,16,4,0.8772989280855488,0.9924256739185192,64,0.4816950191984086,0.0005533933177357307,3.795228072066643e-06
249,0.424,5,16,2,0.8296738199995703,0.9895034680282219,64,0.4040621198197294,0.0006624066239032387,1.2225557959141148e-06
